id_aluno,data_hora,evento
A028,01/11/2025 06:20:00,entrada
A044,01/11/2025 06:41:00,entrada
A003,01/11/2025 07:30:00,entrada
A044,01/11/2025 07:31:00,saida
A025,01/11/2025 07:46:00,entrada
A022,01/11/2025 07:56:00,entrada
A028,01/11/2025 08:12:00,saida
A035,01/11/2025 08:31:00,entrada
A033,01/11/2025 08:34:00,entrada
A003,01/11/2025 08:40:00,saida
A022,01/11/2025 09:15:00,saida
A002,01/11/2025 09:44:00,entrada
A033,01/11/2025 09:50:00,saida
A025,01/11/2025 09:52:00,saida
A012,01/11/2025 10:07:00,entrada
A035,01/11/2025 10:09:00,saida
A020,01/11/2025 10:58:00,entrada
A012,01/11/2025 11:29:00,saida
A015,01/11/2025 11:45:00,entrada
A002,01/11/2025 11:58:00,saida
A027,01/11/2025 12:16:00,entrada
A015,01/11/2025 12:43:00,saida
A020,01/11/2025 13:04:00,saida
A041,01/11/2025 13:05:00,entrada
A036,01/11/2025 13:14:00,entrada
A036,01/11/2025 13:59:00,saida
A031,01/11/2025 14:05:00,entrada
A027,01/11/2025 14:21:00,saida
A008,01/11/2025 14:40:00,entrada
A007,01/11/2025 14:43:00,entrada
A041,01/11/2025 14:56:00,saida
A031,01/11/2025 15:37:00,saida
A008,01/11/2025 15:42:00,saida
A019,01/11/2025 15:42:00,entrada
A049,01/11/2025 16:12:00,entrada
A004,01/11/2025 16:43:00,entrada
A007,01/11/2025 16:44:00,saida
A034,01/11/2025 16:46:00,entrada
A010,01/11/2025 17:08:00,entrada
A042,01/11/2025 17:12:00,entrada
A019,01/11/2025 17:19:00,saida
A026,01/11/2025 18:11:00,entrada
A049,01/11/2025 18:23:00,saida
A005,01/11/2025 18:30:00,entrada
A004,01/11/2025 18:44:00,saida
A010,01/11/2025 18:45:00,saida
A034,01/11/2025 18:49:00,saida
A042,01/11/2025 19:05:00,saida
A045,01/11/2025 19:23:00,entrada
A026,01/11/2025 19:48:00,saida
A005,01/11/2025 20:29:00,saida
A045,01/11/2025 21:02:00,saida
A003,02/11/2025 07:08:00,entrada
A003,02/11/2025 07:54:00,saida
A004,02/11/2025 07:55:00,entrada
A046,02/11/2025 08:14:00,entrada
A041,02/11/2025 08:29:00,entrada
A012,02/11/2025 09:01:00,entrada
A031,02/11/2025 09:22:00,entrada
A034,02/11/2025 09:23:00,entrada
A049,02/11/2025 09:48:00,entrada
A015,02/11/2025 09:54:00,entrada
A012,02/11/2025 09:57:00,saida
A004,02/11/2025 10:05:00,saida
A041,02/11/2025 10:10:00,saida
A031,02/11/2025 10:25:00,saida
A046,02/11/2025 10:26:00,saida
A010,02/11/2025 10:33:00,entrada
A019,02/11/2025 10:47:00,entrada
A049,02/11/2025 10:56:00,saida
A015,02/11/2025 11:15:00,saida
A034,02/11/2025 11:20:00,saida
A019,02/11/2025 11:54:00,saida
A022,02/11/2025 11:55:00,entrada
A020,02/11/2025 11:58:00,entrada
A011,02/11/2025 12:01:00,entrada
A032,02/11/2025 12:09:00,entrada
A010,02/11/2025 12:34:00,saida
A028,02/11/2025 12:47:00,entrada
A022,02/11/2025 12:59:00,saida
A020,02/11/2025 13:04:00,saida
A011,02/11/2025 13:16:00,saida
A017,02/11/2025 13:32:00,entrada
A032,02/11/2025 14:11:00,saida
A045,02/11/2025 14:12:00,entrada
A028,02/11/2025 14:16:00,saida
A002,02/11/2025 14:29:00,entrada
A025,02/11/2025 15:10:00,entrada
A045,02/11/2025 15:19:00,saida
A017,02/11/2025 15:38:00,saida
A016,02/11/2025 16:08:00,entrada
A002,02/11/2025 16:30:00,saida
A009,02/11/2025 16:46:00,entrada
A042,02/11/2025 16:49:00,entrada
A016,02/11/2025 17:03:00,saida
A025,02/11/2025 17:18:00,saida
A027,02/11/2025 17:31:00,entrada
A009,02/11/2025 17:45:00,saida
A042,02/11/2025 17:53:00,saida
A027,02/11/2025 18:27:00,saida
A033,02/11/2025 18:48:00,entrada
A044,02/11/2025 19:07:00,entrada
A039,02/11/2025 19:30:00,entrada
A033,02/11/2025 20:24:00,saida
A039,02/11/2025 20:24:00,saida
A023,02/11/2025 20:46:00,entrada
A044,02/11/2025 20:56:00,saida
A023,02/11/2025 22:43:00,saida
A003,03/11/2025 07:12:00,entrada
A013,03/11/2025 07:12:00,entrada
A027,03/11/2025 08:06:00,entrada
A004,03/11/2025 08:18:00,entrada
A027,03/11/2025 08:58:00,saida
A013,03/11/2025 09:11:00,saida
A003,03/11/2025 09:18:00,saida
A004,03/11/2025 10:28:00,saida
A002,03/11/2025 10:45:00,entrada
A006,03/11/2025 11:06:00,entrada
A021,03/11/2025 11:17:00,entrada
A006,03/11/2025 12:03:00,saida
A021,03/11/2025 12:27:00,saida
A002,03/11/2025 12:28:00,saida
A015,03/11/2025 12:34:00,entrada
A015,03/11/2025 13:27:00,saida
A018,03/11/2025 14:25:00,entrada
A044,03/11/2025 15:37:00,entrada
A042,03/11/2025 15:41:00,entrada
A018,03/11/2025 16:16:00,saida
A045,03/11/2025 16:17:00,entrada
A010,03/11/2025 16:45:00,entrada
A025,03/11/2025 17:24:00,entrada
A044,03/11/2025 17:32:00,saida
A034,03/11/2025 17:34:00,entrada
A042,03/11/2025 17:45:00,saida
A033,03/11/2025 17:55:00,entrada
A045,03/11/2025 18:07:00,saida
A034,03/11/2025 18:19:00,saida
A010,03/11/2025 18:27:00,saida
A031,03/11/2025 18:28:00,entrada
A012,03/11/2025 19:00:00,entrada
A025,03/11/2025 19:00:00,saida
A049,03/11/2025 19:00:00,entrada
A033,03/11/2025 19:46:00,saida
A041,03/11/2025 19:50:00,entrada
A012,03/11/2025 19:54:00,saida
A008,03/11/2025 20:10:00,entrada
A049,03/11/2025 20:16:00,saida
A031,03/11/2025 20:25:00,saida
A030,03/11/2025 20:32:00,entrada
A020,03/11/2025 20:40:00,entrada
A041,03/11/2025 20:40:00,saida
A030,03/11/2025 21:39:00,saida
A008,03/11/2025 21:45:00,saida
A020,03/11/2025 22:04:00,saida
A045,04/11/2025 06:19:00,entrada
A042,04/11/2025 07:37:00,entrada
A032,04/11/2025 07:40:00,entrada
A021,04/11/2025 08:06:00,entrada
A045,04/11/2025 08:22:00,saida
A042,04/11/2025 08:35:00,saida
A021,04/11/2025 08:51:00,saida
A013,04/11/2025 09:16:00,entrada
A004,04/11/2025 09:19:00,entrada
A012,04/11/2025 09:32:00,entrada
A020,04/11/2025 09:38:00,entrada
A032,04/11/2025 09:46:00,saida
A012,04/11/2025 10:34:00,saida
A020,04/11/2025 10:46:00,saida
A013,04/11/2025 10:49:00,saida
A004,04/11/2025 11:22:00,saida
A028,04/11/2025 11:50:00,entrada
A019,04/11/2025 12:03:00,entrada
A033,04/11/2025 12:05:00,entrada
A022,04/11/2025 12:16:00,entrada
A041,04/11/2025 12:29:00,entrada
A031,04/11/2025 12:59:00,entrada
A033,04/11/2025 13:12:00,saida
A028,04/11/2025 13:19:00,saida
A019,04/11/2025 13:21:00,saida
A022,04/11/2025 13:34:00,saida
A041,04/11/2025 14:04:00,saida
A031,04/11/2025 14:15:00,saida
A046,04/11/2025 14:17:00,entrada
A006,04/11/2025 14:20:00,entrada
A025,04/11/2025 14:27:00,entrada
A002,04/11/2025 15:13:00,entrada
A043,04/11/2025 15:16:00,entrada
A025,04/11/2025 15:18:00,saida
A006,04/11/2025 15:34:00,saida
A002,04/11/2025 16:19:00,saida
A005,04/11/2025 16:19:00,entrada
A046,04/11/2025 16:25:00,saida
A015,04/11/2025 16:42:00,entrada
A018,04/11/2025 16:53:00,entrada
A005,04/11/2025 17:22:00,saida
A043,04/11/2025 17:23:00,saida
A015,04/11/2025 17:54:00,saida
A018,04/11/2025 18:57:00,saida
A008,04/11/2025 19:02:00,entrada
A008,04/11/2025 20:12:00,saida
A036,04/11/2025 20:42:00,entrada
A003,04/11/2025 20:55:00,entrada
A036,04/11/2025 21:30:00,saida
A003,04/11/2025 23:08:00,saida
A008,05/11/2025 06:30:00,entrada
A007,05/11/2025 07:30:00,entrada
A033,05/11/2025 07:38:00,entrada
A005,05/11/2025 07:41:00,entrada
A007,05/11/2025 08:19:00,saida
A008,05/11/2025 08:20:00,saida
A006,05/11/2025 08:25:00,entrada
A005,05/11/2025 08:58:00,saida
A003,05/11/2025 09:25:00,entrada
A033,05/11/2025 09:25:00,saida
A006,05/11/2025 10:33:00,saida
A003,05/11/2025 10:41:00,saida
A047,05/11/2025 11:19:00,entrada
A046,05/11/2025 11:20:00,entrada
A012,05/11/2025 13:04:00,entrada
A027,05/11/2025 13:07:00,entrada
A046,05/11/2025 13:18:00,saida
A047,05/11/2025 13:33:00,saida
A015,05/11/2025 13:54:00,entrada
A012,05/11/2025 14:14:00,saida
A020,05/11/2025 14:17:00,entrada
A011,05/11/2025 14:40:00,entrada
A004,05/11/2025 14:45:00,entrada
A027,05/11/2025 14:46:00,saida
A038,05/11/2025 15:02:00,entrada
A020,05/11/2025 15:11:00,saida
A015,05/11/2025 15:24:00,saida
A034,05/11/2025 15:45:00,entrada
A011,05/11/2025 15:51:00,saida
A004,05/11/2025 15:53:00,saida
A017,05/11/2025 16:39:00,entrada
A019,05/11/2025 17:07:00,entrada
A042,05/11/2025 17:08:00,entrada
A038,05/11/2025 17:09:00,saida
A010,05/11/2025 17:12:00,entrada
A025,05/11/2025 17:18:00,entrada
A034,05/11/2025 17:57:00,saida
A042,05/11/2025 18:05:00,saida
A045,05/11/2025 18:34:00,entrada
A017,05/11/2025 18:41:00,saida
A019,05/11/2025 18:57:00,saida
A010,05/11/2025 19:00:00,saida
A025,05/11/2025 19:03:00,saida
A002,05/11/2025 19:08:00,entrada
A044,05/11/2025 19:33:00,entrada
A009,05/11/2025 20:02:00,entrada
A041,05/11/2025 20:04:00,entrada
A045,05/11/2025 20:04:00,saida
A002,05/11/2025 20:06:00,saida
A016,05/11/2025 20:34:00,entrada
A031,05/11/2025 20:35:00,entrada
A026,05/11/2025 20:40:00,entrada
A041,05/11/2025 21:18:00,saida
A016,05/11/2025 21:45:00,saida
A044,05/11/2025 21:45:00,saida
A031,05/11/2025 21:51:00,saida
A009,05/11/2025 21:52:00,saida
A026,05/11/2025 22:45:00,saida
A031,06/11/2025 06:17:00,entrada
A046,06/11/2025 06:25:00,entrada
A024,06/11/2025 07:35:00,entrada
A015,06/11/2025 07:46:00,entrada
A031,06/11/2025 07:53:00,saida
A046,06/11/2025 08:02:00,saida
A042,06/11/2025 08:18:00,entrada
A024,06/11/2025 08:32:00,saida
A017,06/11/2025 08:40:00,entrada
A034,06/11/2025 08:44:00,entrada
A039,06/11/2025 09:21:00,entrada
A034,06/11/2025 09:29:00,saida
A017,06/11/2025 09:32:00,saida
A015,06/11/2025 09:58:00,saida
A002,06/11/2025 10:01:00,entrada
A042,06/11/2025 10:25:00,saida
A002,06/11/2025 10:56:00,saida
A039,06/11/2025 11:32:00,saida
A003,06/11/2025 11:35:00,entrada
A047,06/11/2025 11:35:00,entrada
A026,06/11/2025 12:00:00,entrada
A041,06/11/2025 12:16:00,entrada
A012,06/11/2025 12:17:00,entrada
A003,06/11/2025 12:35:00,saida
A026,06/11/2025 12:51:00,saida
A047,06/11/2025 13:08:00,saida
A041,06/11/2025 13:20:00,saida
A012,06/11/2025 13:24:00,saida
A025,06/11/2025 13:40:00,entrada
A033,06/11/2025 13:45:00,entrada
A021,06/11/2025 13:49:00,entrada
A006,06/11/2025 14:18:00,entrada
A033,06/11/2025 14:48:00,saida
A010,06/11/2025 15:08:00,entrada
A025,06/11/2025 15:08:00,saida
A021,06/11/2025 15:09:00,saida
A020,06/11/2025 15:38:00,entrada
A045,06/11/2025 15:51:00,entrada
A016,06/11/2025 16:11:00,entrada
A006,06/11/2025 16:15:00,saida
A043,06/11/2025 16:29:00,entrada
A018,06/11/2025 16:48:00,entrada
A010,06/11/2025 16:49:00,saida
A045,06/11/2025 17:04:00,saida
A035,06/11/2025 17:25:00,entrada
A009,06/11/2025 17:28:00,entrada
A020,06/11/2025 17:35:00,saida
A018,06/11/2025 17:56:00,saida
A016,06/11/2025 18:05:00,saida
A009,06/11/2025 18:17:00,saida
A038,06/11/2025 18:30:00,entrada
A043,06/11/2025 18:30:00,saida
A035,06/11/2025 19:20:00,saida
A038,06/11/2025 19:43:00,saida
A032,06/11/2025 20:10:00,entrada
A044,06/11/2025 20:46:00,entrada
A032,06/11/2025 21:04:00,saida
A044,06/11/2025 22:44:00,saida
A009,07/11/2025 06:01:00,entrada
A008,07/11/2025 06:41:00,entrada
A009,07/11/2025 07:28:00,saida
A008,07/11/2025 07:40:00,saida
A020,07/11/2025 08:02:00,entrada
A025,07/11/2025 08:21:00,entrada
A019,07/11/2025 08:31:00,entrada
A036,07/11/2025 08:50:00,entrada
A020,07/11/2025 08:58:00,saida
A011,07/11/2025 09:23:00,entrada
A019,07/11/2025 09:31:00,saida
A042,07/11/2025 09:33:00,entrada
A025,07/11/2025 09:40:00,saida
A043,07/11/2025 09:42:00,entrada
A016,07/11/2025 10:05:00,entrada
A036,07/11/2025 10:20:00,saida
A042,07/11/2025 10:59:00,saida
A043,07/11/2025 11:01:00,saida
A011,07/11/2025 11:15:00,saida
A010,07/11/2025 11:36:00,entrada
A016,07/11/2025 11:41:00,saida
A021,07/11/2025 13:04:00,entrada
A010,07/11/2025 13:21:00,saida
A022,07/11/2025 13:26:00,entrada
A034,07/11/2025 13:31:00,entrada
A021,07/11/2025 13:53:00,saida
A037,07/11/2025 14:13:00,entrada
A004,07/11/2025 14:14:00,entrada
A045,07/11/2025 14:35:00,entrada
A034,07/11/2025 14:38:00,saida
A022,07/11/2025 15:01:00,saida
A037,07/11/2025 15:27:00,saida
A004,07/11/2025 15:32:00,saida
A006,07/11/2025 15:32:00,entrada
A049,07/11/2025 15:50:00,entrada
A046,07/11/2025 16:05:00,entrada
A044,07/11/2025 16:20:00,entrada
A006,07/11/2025 16:21:00,saida
A012,07/11/2025 16:22:00,entrada
A045,07/11/2025 16:32:00,saida
A031,07/11/2025 17:08:00,entrada
A046,07/11/2025 17:24:00,saida
A049,07/11/2025 17:24:00,saida
A033,07/11/2025 17:43:00,entrada
A044,07/11/2025 17:55:00,saida
A012,07/11/2025 18:19:00,saida
A031,07/11/2025 18:50:00,saida
A015,07/11/2025 18:54:00,entrada
A018,07/11/2025 18:54:00,entrada
A040,07/11/2025 18:59:00,entrada
A033,07/11/2025 19:46:00,saida
A040,07/11/2025 20:04:00,saida
A002,07/11/2025 20:10:00,entrada
A015,07/11/2025 20:19:00,saida
A003,07/11/2025 20:47:00,entrada
A018,07/11/2025 20:56:00,saida
A002,07/11/2025 21:07:00,saida
A003,07/11/2025 22:00:00,saida
A018,08/11/2025 06:14:00,entrada
A005,08/11/2025 06:42:00,entrada
A046,08/11/2025 06:48:00,entrada
A018,08/11/2025 07:49:00,saida
A030,08/11/2025 07:54:00,entrada
A005,08/11/2025 07:57:00,saida
A042,08/11/2025 07:59:00,entrada
A038,08/11/2025 08:03:00,entrada
A046,08/11/2025 08:06:00,saida
A038,08/11/2025 09:05:00,saida
A008,08/11/2025 09:10:00,entrada
A030,08/11/2025 10:01:00,saida
A042,08/11/2025 10:06:00,saida
A002,08/11/2025 10:10:00,entrada
A026,08/11/2025 10:29:00,entrada
A043,08/11/2025 10:51:00,entrada
A004,08/11/2025 11:13:00,entrada
A008,08/11/2025 11:15:00,saida
A026,08/11/2025 11:34:00,saida
A002,08/11/2025 12:22:00,saida
A043,08/11/2025 12:37:00,saida
A025,08/11/2025 12:43:00,entrada
A004,08/11/2025 13:15:00,saida
A016,08/11/2025 13:27:00,entrada
A025,08/11/2025 14:06:00,saida
A032,08/11/2025 15:12:00,entrada
A016,08/11/2025 15:25:00,saida
A017,08/11/2025 15:30:00,entrada
A034,08/11/2025 15:47:00,entrada
A020,08/11/2025 15:50:00,entrada
A034,08/11/2025 16:35:00,saida
A006,08/11/2025 16:36:00,entrada
A032,08/11/2025 16:39:00,saida
A031,08/11/2025 16:51:00,entrada
A017,08/11/2025 16:59:00,saida
A020,08/11/2025 17:08:00,saida
A006,08/11/2025 17:33:00,saida
A003,08/11/2025 17:41:00,entrada
A041,08/11/2025 17:41:00,entrada
A031,08/11/2025 18:05:00,saida
A045,08/11/2025 18:19:00,entrada
A035,08/11/2025 18:28:00,entrada
A041,08/11/2025 19:20:00,saida
A003,08/11/2025 19:27:00,saida
A019,08/11/2025 19:40:00,entrada
A035,08/11/2025 19:50:00,saida
A045,08/11/2025 20:01:00,saida
A019,08/11/2025 20:31:00,saida
A022,08/11/2025 20:41:00,entrada
A033,08/11/2025 20:44:00,entrada
A022,08/11/2025 21:32:00,saida
A033,08/11/2025 21:47:00,saida
A036,09/11/2025 06:03:00,entrada
A036,09/11/2025 06:50:00,saida
A005,09/11/2025 07:09:00,entrada
A031,09/11/2025 07:35:00,entrada
A001,09/11/2025 08:18:00,entrada
A041,09/11/2025 08:29:00,entrada
A005,09/11/2025 08:32:00,saida
A031,09/11/2025 08:59:00,saida
A025,09/11/2025 09:18:00,entrada
A047,09/11/2025 09:24:00,entrada
A024,09/11/2025 09:56:00,entrada
A041,09/11/2025 09:56:00,saida
A015,09/11/2025 10:10:00,entrada
A047,09/11/2025 10:14:00,saida
A019,09/11/2025 10:28:00,entrada
A002,09/11/2025 10:29:00,entrada
A001,09/11/2025 10:30:00,saida
A021,09/11/2025 11:08:00,entrada
A025,09/11/2025 11:11:00,saida
A024,09/11/2025 11:14:00,saida
A028,09/11/2025 11:14:00,entrada
A015,09/11/2025 11:21:00,saida
A021,09/11/2025 11:59:00,saida
A002,09/11/2025 12:07:00,saida
A035,09/11/2025 12:14:00,entrada
A019,09/11/2025 12:25:00,saida
A004,09/11/2025 12:40:00,entrada
A035,09/11/2025 13:21:00,saida
A028,09/11/2025 13:25:00,saida
A045,09/11/2025 13:28:00,entrada
A004,09/11/2025 13:50:00,saida
A037,09/11/2025 13:55:00,entrada
A010,09/11/2025 14:04:00,entrada
A039,09/11/2025 14:42:00,entrada
A037,09/11/2025 14:47:00,saida
A043,09/11/2025 15:19:00,entrada
A010,09/11/2025 15:35:00,saida
A006,09/11/2025 15:36:00,entrada
A045,09/11/2025 15:43:00,saida
A043,09/11/2025 16:08:00,saida
A026,09/11/2025 16:14:00,entrada
A020,09/11/2025 16:20:00,entrada
A039,09/11/2025 16:21:00,saida
A044,09/11/2025 16:32:00,entrada
A006,09/11/2025 16:34:00,saida
A050,09/11/2025 16:42:00,entrada
A022,09/11/2025 16:48:00,entrada
A012,09/11/2025 16:55:00,entrada
A044,09/11/2025 17:50:00,saida
A050,09/11/2025 18:00:00,saida
A003,09/11/2025 18:03:00,entrada
A020,09/11/2025 18:07:00,saida
A026,09/11/2025 18:16:00,saida
A034,09/11/2025 18:24:00,entrada
A012,09/11/2025 18:25:00,saida
A022,09/11/2025 18:48:00,saida
A003,09/11/2025 19:29:00,saida
A034,09/11/2025 20:14:00,saida
A031,10/11/2025 06:05:00,entrada
A016,10/11/2025 06:10:00,entrada
A036,10/11/2025 06:51:00,entrada
A020,10/11/2025 06:53:00,entrada
A021,10/11/2025 06:56:00,entrada
A031,10/11/2025 07:19:00,saida
A036,10/11/2025 07:46:00,saida
A046,10/11/2025 07:47:00,entrada
A018,10/11/2025 07:50:00,entrada
A023,10/11/2025 07:51:00,entrada
A021,10/11/2025 07:54:00,saida
A016,10/11/2025 08:01:00,saida
A014,10/11/2025 08:04:00,entrada
A049,10/11/2025 08:13:00,entrada
A020,10/11/2025 08:20:00,saida
A018,10/11/2025 08:41:00,saida
A029,10/11/2025 08:44:00,entrada
A023,10/11/2025 08:46:00,saida
A046,10/11/2025 08:56:00,saida
A049,10/11/2025 09:20:00,saida
A029,10/11/2025 09:29:00,saida
A042,10/11/2025 09:29:00,entrada
A008,10/11/2025 09:50:00,entrada
A014,10/11/2025 10:06:00,saida
A001,10/11/2025 10:12:00,entrada
A042,10/11/2025 10:34:00,saida
A008,10/11/2025 11:14:00,saida
A001,10/11/2025 11:52:00,saida
A010,10/11/2025 11:56:00,entrada
A012,10/11/2025 11:59:00,entrada
A043,10/11/2025 12:17:00,entrada
A005,10/11/2025 12:46:00,entrada
A010,10/11/2025 12:51:00,saida
A019,10/11/2025 13:01:00,entrada
A012,10/11/2025 13:16:00,saida
A005,10/11/2025 13:42:00,saida
A043,10/11/2025 13:44:00,saida
A033,10/11/2025 13:46:00,entrada
A045,10/11/2025 14:05:00,entrada
A019,10/11/2025 14:20:00,saida
A033,10/11/2025 14:31:00,saida
A003,10/11/2025 14:41:00,entrada
A045,10/11/2025 15:18:00,saida
A028,10/11/2025 15:42:00,entrada
A027,10/11/2025 16:14:00,entrada
A003,10/11/2025 16:40:00,saida
A025,10/11/2025 17:02:00,entrada
A027,10/11/2025 17:09:00,saida
A015,10/11/2025 17:36:00,entrada
A028,10/11/2025 17:47:00,saida
A034,10/11/2025 17:54:00,entrada
A044,10/11/2025 18:00:00,entrada
A025,10/11/2025 18:02:00,saida
A002,10/11/2025 18:06:00,entrada
A022,10/11/2025 18:24:00,entrada
A015,10/11/2025 18:38:00,saida
A035,10/11/2025 19:04:00,entrada
A002,10/11/2025 19:40:00,saida
A044,10/11/2025 19:59:00,saida
A034,10/11/2025 20:09:00,saida
A022,10/11/2025 20:18:00,saida
A035,10/11/2025 20:26:00,saida
A036,11/11/2025 06:31:00,entrada
A024,11/11/2025 08:28:00,entrada
A036,11/11/2025 08:40:00,saida
A010,11/11/2025 08:52:00,entrada
A022,11/11/2025 09:15:00,entrada
A024,11/11/2025 09:24:00,saida
A010,11/11/2025 09:58:00,saida
A022,11/11/2025 10:22:00,saida
A009,11/11/2025 10:37:00,entrada
A039,11/11/2025 10:44:00,entrada
A042,11/11/2025 11:17:00,entrada
A048,11/11/2025 11:18:00,entrada
A009,11/11/2025 11:45:00,saida
A042,11/11/2025 12:08:00,saida
A048,11/11/2025 12:16:00,saida
A039,11/11/2025 12:45:00,saida
A011,11/11/2025 12:50:00,entrada
A002,11/11/2025 13:21:00,entrada
A011,11/11/2025 13:50:00,saida
A035,11/11/2025 13:52:00,entrada
A020,11/11/2025 13:54:00,entrada
A003,11/11/2025 14:06:00,entrada
A002,11/11/2025 14:22:00,saida
A049,11/11/2025 14:33:00,entrada
A015,11/11/2025 15:22:00,entrada
A030,11/11/2025 15:29:00,entrada
A003,11/11/2025 15:33:00,saida
A035,11/11/2025 15:34:00,saida
A049,11/11/2025 16:02:00,saida
A020,11/11/2025 16:09:00,saida
A030,11/11/2025 16:30:00,saida
A025,11/11/2025 16:54:00,entrada
A015,11/11/2025 17:31:00,saida
A045,11/11/2025 17:36:00,entrada
A019,11/11/2025 17:41:00,entrada
A013,11/11/2025 17:54:00,entrada
A041,11/11/2025 18:21:00,entrada
A043,11/11/2025 18:34:00,entrada
A045,11/11/2025 18:37:00,saida
A033,11/11/2025 18:38:00,entrada
A025,11/11/2025 18:57:00,saida
A004,11/11/2025 19:01:00,entrada
A041,11/11/2025 19:10:00,saida
A019,11/11/2025 19:12:00,saida
A013,11/11/2025 19:20:00,saida
A031,11/11/2025 19:34:00,entrada
A004,11/11/2025 19:55:00,saida
A012,11/11/2025 19:57:00,entrada
A043,11/11/2025 20:02:00,saida
A033,11/11/2025 20:27:00,saida
A031,11/11/2025 21:18:00,saida
A012,11/11/2025 21:35:00,saida
A002,12/11/2025 06:05:00,entrada
A016,12/11/2025 06:12:00,entrada
A015,12/11/2025 06:54:00,entrada
A016,12/11/2025 07:05:00,saida
A002,12/11/2025 07:15:00,saida
A041,12/11/2025 07:21:00,entrada
A036,12/11/2025 07:39:00,entrada
A015,12/11/2025 07:41:00,saida
A006,12/11/2025 07:57:00,entrada
A001,12/11/2025 07:59:00,entrada
A042,12/11/2025 08:00:00,entrada
A019,12/11/2025 08:37:00,entrada
A043,12/11/2025 08:52:00,entrada
A001,12/11/2025 08:59:00,saida
A041,12/11/2025 09:07:00,saida
A042,12/11/2025 09:12:00,saida
A006,12/11/2025 09:42:00,saida
A036,12/11/2025 09:52:00,saida
A014,12/11/2025 10:26:00,entrada
A043,12/11/2025 10:34:00,saida
A019,12/11/2025 10:35:00,saida
A032,12/11/2025 10:59:00,entrada
A014,12/11/2025 11:20:00,saida
A032,12/11/2025 11:45:00,saida
A020,12/11/2025 12:06:00,entrada
A031,12/11/2025 12:22:00,entrada
A027,12/11/2025 12:44:00,entrada
A024,12/11/2025 13:06:00,entrada
A020,12/11/2025 13:11:00,saida
A012,12/11/2025 13:46:00,entrada
A018,12/11/2025 13:51:00,entrada
A031,12/11/2025 14:28:00,saida
A024,12/11/2025 14:31:00,saida
A027,12/11/2025 14:54:00,saida
A012,12/11/2025 14:59:00,saida
A018,12/11/2025 15:13:00,saida
A021,12/11/2025 15:25:00,entrada
A034,12/11/2025 15:33:00,entrada
A046,12/11/2025 15:36:00,entrada
A039,12/11/2025 16:27:00,entrada
A046,12/11/2025 16:42:00,saida
A045,12/11/2025 17:20:00,entrada
A021,12/11/2025 17:36:00,saida
A039,12/11/2025 17:38:00,saida
A034,12/11/2025 17:41:00,saida
A047,12/11/2025 17:44:00,entrada
A004,12/11/2025 17:45:00,entrada
A025,12/11/2025 17:45:00,entrada
A008,12/11/2025 18:18:00,entrada
A045,12/11/2025 18:21:00,saida
A003,12/11/2025 18:46:00,entrada
A004,12/11/2025 18:53:00,saida
A025,12/11/2025 19:07:00,saida
A047,12/11/2025 19:12:00,saida
A033,12/11/2025 19:24:00,entrada
A008,12/11/2025 19:32:00,saida
A049,12/11/2025 20:04:00,entrada
A003,12/11/2025 20:08:00,saida
A011,12/11/2025 20:19:00,entrada
A033,12/11/2025 20:35:00,saida
A049,12/11/2025 21:13:00,saida
A011,12/11/2025 21:51:00,saida
A015,13/11/2025 06:05:00,entrada
A049,13/11/2025 06:23:00,entrada
A021,13/11/2025 06:28:00,entrada
A019,13/11/2025 07:29:00,entrada
A015,13/11/2025 07:42:00,saida
A004,13/11/2025 07:49:00,entrada
A049,13/11/2025 07:49:00,saida
A021,13/11/2025 08:04:00,saida
A005,13/11/2025 08:25:00,entrada
A019,13/11/2025 08:31:00,saida
A033,13/11/2025 08:33:00,entrada
A004,13/11/2025 08:38:00,saida
A020,13/11/2025 09:34:00,entrada
A005,13/11/2025 09:43:00,saida
A039,13/11/2025 09:54:00,entrada
A033,13/11/2025 10:19:00,saida
A020,13/11/2025 10:32:00,saida
A039,13/11/2025 12:08:00,saida
A050,13/11/2025 12:31:00,entrada
A034,13/11/2025 12:35:00,entrada
A041,13/11/2025 12:35:00,entrada
A042,13/11/2025 13:19:00,entrada
A034,13/11/2025 13:31:00,saida
A017,13/11/2025 13:35:00,entrada
A041,13/11/2025 13:45:00,saida
A050,13/11/2025 13:46:00,saida
A046,13/11/2025 14:25:00,entrada
A044,13/11/2025 14:29:00,entrada
A003,13/11/2025 14:45:00,entrada
A012,13/11/2025 15:02:00,entrada
A042,13/11/2025 15:12:00,saida
A046,13/11/2025 15:28:00,saida
A017,13/11/2025 15:32:00,saida
A012,13/11/2025 15:47:00,saida
A044,13/11/2025 16:27:00,saida
A003,13/11/2025 16:44:00,saida
A025,13/11/2025 17:42:00,entrada
A008,13/11/2025 17:59:00,entrada
A002,13/11/2025 18:36:00,entrada
A016,13/11/2025 19:03:00,entrada
A045,13/11/2025 19:15:00,entrada
A025,13/11/2025 19:25:00,saida
A007,13/11/2025 19:43:00,entrada
A031,13/11/2025 19:46:00,entrada
A008,13/11/2025 19:48:00,saida
A002,13/11/2025 19:57:00,saida
A029,13/11/2025 20:03:00,entrada
A016,13/11/2025 20:24:00,saida
A035,13/11/2025 20:25:00,entrada
A031,13/11/2025 20:32:00,saida
A007,13/11/2025 20:53:00,saida
A045,13/11/2025 21:09:00,saida
A029,13/11/2025 21:23:00,saida
A035,13/11/2025 22:03:00,saida
A025,14/11/2025 07:11:00,entrada
A045,14/11/2025 07:18:00,entrada
A026,14/11/2025 07:22:00,entrada
A046,14/11/2025 07:54:00,entrada
A025,14/11/2025 07:56:00,saida
A045,14/11/2025 08:04:00,saida
A026,14/11/2025 08:46:00,saida
A022,14/11/2025 09:09:00,entrada
A002,14/11/2025 09:24:00,entrada
A034,14/11/2025 09:25:00,entrada
A046,14/11/2025 10:01:00,saida
A043,14/11/2025 10:13:00,entrada
A022,14/11/2025 10:43:00,saida
A002,14/11/2025 10:44:00,saida
A034,14/11/2025 11:01:00,saida
A018,14/11/2025 11:02:00,entrada
A043,14/11/2025 11:03:00,saida
A020,14/11/2025 11:31:00,entrada
A003,14/11/2025 11:42:00,entrada
A047,14/11/2025 12:24:00,entrada
A014,14/11/2025 12:35:00,entrada
A018,14/11/2025 12:41:00,saida
A047,14/11/2025 13:09:00,saida
A001,14/11/2025 13:19:00,entrada
A020,14/11/2025 13:25:00,saida
A003,14/11/2025 13:34:00,saida
A017,14/11/2025 13:36:00,entrada
A014,14/11/2025 14:01:00,saida
A004,14/11/2025 14:05:00,entrada
A015,14/11/2025 14:07:00,entrada
A017,14/11/2025 14:52:00,saida
A001,14/11/2025 14:59:00,saida
A015,14/11/2025 15:17:00,saida
A016,14/11/2025 15:18:00,entrada
A033,14/11/2025 15:20:00,entrada
A004,14/11/2025 15:57:00,saida
A012,14/11/2025 16:23:00,entrada
A016,14/11/2025 16:28:00,saida
A007,14/11/2025 16:31:00,entrada
A033,14/11/2025 17:16:00,saida
A012,14/11/2025 17:20:00,saida
A050,14/11/2025 17:26:00,entrada
A005,14/11/2025 17:31:00,entrada
A007,14/11/2025 17:50:00,saida
A010,14/11/2025 18:02:00,entrada
A021,14/11/2025 18:24:00,entrada
A010,14/11/2025 19:04:00,saida
A028,14/11/2025 19:05:00,entrada
A050,14/11/2025 19:19:00,saida
A005,14/11/2025 19:26:00,saida
A021,14/11/2025 19:37:00,saida
A028,14/11/2025 19:50:00,saida
A041,14/11/2025 19:52:00,entrada
A042,14/11/2025 20:22:00,entrada
A041,14/11/2025 20:39:00,saida
A044,14/11/2025 20:55:00,entrada
A042,14/11/2025 21:29:00,saida
A044,14/11/2025 22:23:00,saida
A017,15/11/2025 06:23:00,entrada
A002,15/11/2025 07:00:00,entrada
A017,15/11/2025 07:15:00,saida
A038,15/11/2025 07:49:00,entrada
A045,15/11/2025 07:57:00,entrada
A002,15/11/2025 08:30:00,saida
A026,15/11/2025 08:34:00,entrada
A038,15/11/2025 08:39:00,saida
A025,15/11/2025 08:40:00,entrada
A025,15/11/2025 09:52:00,saida
A016,15/11/2025 10:05:00,entrada
A026,15/11/2025 10:07:00,saida
A045,15/11/2025 10:10:00,saida
A007,15/11/2025 10:42:00,entrada
A050,15/11/2025 11:11:00,entrada
A034,15/11/2025 11:20:00,entrada
A007,15/11/2025 11:50:00,saida
A016,15/11/2025 11:52:00,saida
A050,15/11/2025 12:20:00,saida
A034,15/11/2025 12:40:00,saida
A032,15/11/2025 13:03:00,entrada
A029,15/11/2025 13:44:00,entrada
A032,15/11/2025 14:23:00,saida
A033,15/11/2025 14:52:00,entrada
A008,15/11/2025 15:05:00,entrada
A029,15/11/2025 15:35:00,saida
A033,15/11/2025 15:43:00,saida
A015,15/11/2025 16:22:00,entrada
A037,15/11/2025 16:35:00,entrada
A015,15/11/2025 17:07:00,saida
A008,15/11/2025 17:08:00,saida
A037,15/11/2025 17:26:00,saida
A019,15/11/2025 17:32:00,entrada
A041,15/11/2025 17:55:00,entrada
A024,15/11/2025 18:07:00,entrada
A035,15/11/2025 18:17:00,entrada
A019,15/11/2025 18:38:00,saida
A041,15/11/2025 18:55:00,saida
A005,15/11/2025 19:09:00,entrada
A003,15/11/2025 19:14:00,entrada
A039,15/11/2025 19:24:00,entrada
A012,15/11/2025 19:28:00,entrada
A031,15/11/2025 19:32:00,entrada
A024,15/11/2025 20:13:00,saida
A035,15/11/2025 20:20:00,saida
A003,15/11/2025 20:33:00,saida
A047,15/11/2025 20:33:00,entrada
A044,15/11/2025 20:40:00,entrada
A042,15/11/2025 20:45:00,entrada
A031,15/11/2025 20:48:00,saida
A039,15/11/2025 20:49:00,saida
A005,15/11/2025 20:56:00,saida
A012,15/11/2025 21:12:00,saida
A044,15/11/2025 21:27:00,saida
A042,15/11/2025 22:06:00,saida
A047,15/11/2025 22:06:00,saida
A019,16/11/2025 06:28:00,entrada
A005,16/11/2025 06:33:00,entrada
A033,16/11/2025 07:06:00,entrada
A045,16/11/2025 07:22:00,entrada
A042,16/11/2025 07:39:00,entrada
A019,16/11/2025 07:57:00,saida
A018,16/11/2025 07:58:00,entrada
A029,16/11/2025 07:58:00,entrada
A005,16/11/2025 07:59:00,saida
A042,16/11/2025 08:27:00,saida
A033,16/11/2025 08:57:00,saida
A045,16/11/2025 09:04:00,saida
A029,16/11/2025 09:32:00,saida
A021,16/11/2025 09:52:00,entrada
A018,16/11/2025 09:53:00,saida
A010,16/11/2025 10:23:00,entrada
A022,16/11/2025 10:48:00,entrada
A022,16/11/2025 11:33:00,saida
A021,16/11/2025 11:48:00,saida
A010,16/11/2025 12:26:00,saida
A034,16/11/2025 12:52:00,entrada
A015,16/11/2025 13:00:00,entrada
A046,16/11/2025 13:16:00,entrada
A007,16/11/2025 13:44:00,entrada
A034,16/11/2025 13:51:00,saida
A046,16/11/2025 14:34:00,saida
A012,16/11/2025 14:59:00,entrada
A003,16/11/2025 15:06:00,entrada
A015,16/11/2025 15:07:00,saida
A007,16/11/2025 15:51:00,saida
A012,16/11/2025 15:51:00,saida
A036,16/11/2025 15:58:00,entrada
A003,16/11/2025 16:18:00,saida
A041,16/11/2025 16:58:00,entrada
A024,16/11/2025 17:03:00,entrada
A036,16/11/2025 17:37:00,saida
A044,16/11/2025 17:54:00,entrada
A041,16/11/2025 17:58:00,saida
A024,16/11/2025 18:07:00,saida
A004,16/11/2025 18:35:00,entrada
A020,16/11/2025 18:38:00,entrada
A043,16/11/2025 18:44:00,entrada
A035,16/11/2025 18:50:00,entrada
A032,16/11/2025 19:03:00,entrada
A030,16/11/2025 19:12:00,entrada
A044,16/11/2025 19:21:00,saida
A004,16/11/2025 19:34:00,saida
A043,16/11/2025 19:41:00,saida
A020,16/11/2025 19:47:00,saida
A002,16/11/2025 19:57:00,entrada
A032,16/11/2025 20:01:00,saida
A008,16/11/2025 20:04:00,entrada
A035,16/11/2025 20:19:00,saida
A016,16/11/2025 20:23:00,entrada
A008,16/11/2025 21:06:00,saida
A030,16/11/2025 21:06:00,saida
A002,16/11/2025 21:12:00,saida
A016,16/11/2025 21:29:00,saida
A043,17/11/2025 06:32:00,entrada
A033,17/11/2025 06:42:00,entrada
A031,17/11/2025 07:00:00,entrada
A015,17/11/2025 07:14:00,entrada
A033,17/11/2025 07:32:00,saida
A005,17/11/2025 07:35:00,entrada
A043,17/11/2025 07:46:00,saida
A031,17/11/2025 07:57:00,saida
A015,17/11/2025 08:47:00,saida
A005,17/11/2025 09:19:00,saida
A004,17/11/2025 09:34:00,entrada
A004,17/11/2025 10:55:00,saida
A030,17/11/2025 10:55:00,entrada
A016,17/11/2025 10:57:00,entrada
A025,17/11/2025 11:14:00,entrada
A030,17/11/2025 12:39:00,saida
A025,17/11/2025 12:42:00,saida
A016,17/11/2025 13:08:00,saida
A047,17/11/2025 14:18:00,entrada
A020,17/11/2025 14:44:00,entrada
A019,17/11/2025 15:00:00,entrada
A008,17/11/2025 15:07:00,entrada
A003,17/11/2025 15:14:00,entrada
A002,17/11/2025 15:40:00,entrada
A047,17/11/2025 15:43:00,saida
A042,17/11/2025 16:13:00,entrada
A019,17/11/2025 16:28:00,saida
A003,17/11/2025 16:30:00,saida
A007,17/11/2025 16:32:00,entrada
A020,17/11/2025 16:34:00,saida
A041,17/11/2025 17:15:00,entrada
A008,17/11/2025 17:19:00,saida
A007,17/11/2025 17:27:00,saida
A002,17/11/2025 17:43:00,saida
A042,17/11/2025 17:55:00,saida
A044,17/11/2025 18:43:00,entrada
A041,17/11/2025 18:59:00,saida
A034,17/11/2025 20:14:00,entrada
A045,17/11/2025 20:28:00,entrada
A050,17/11/2025 20:33:00,entrada
A044,17/11/2025 20:36:00,saida
A034,17/11/2025 21:03:00,saida
A050,17/11/2025 22:11:00,saida
A045,17/11/2025 22:43:00,saida
A033,18/11/2025 06:59:00,entrada
A041,18/11/2025 07:08:00,entrada
A019,18/11/2025 07:33:00,entrada
A025,18/11/2025 08:04:00,entrada
A019,18/11/2025 08:28:00,saida
A045,18/11/2025 08:41:00,entrada
A033,18/11/2025 08:50:00,saida
A041,18/11/2025 08:50:00,saida
A025,18/11/2025 09:02:00,saida
A002,18/11/2025 09:40:00,entrada
A045,18/11/2025 10:33:00,saida
A003,18/11/2025 10:35:00,entrada
A011,18/11/2025 11:18:00,entrada
A008,18/11/2025 11:29:00,entrada
A002,18/11/2025 11:35:00,saida
A003,18/11/2025 11:35:00,saida
A049,18/11/2025 11:41:00,entrada
A028,18/11/2025 12:08:00,entrada
A044,18/11/2025 12:09:00,entrada
A049,18/11/2025 12:29:00,saida
A011,18/11/2025 12:48:00,saida
A004,18/11/2025 13:13:00,entrada
A044,18/11/2025 13:25:00,saida
A028,18/11/2025 13:34:00,saida
A008,18/11/2025 13:42:00,saida
A039,18/11/2025 13:50:00,entrada
A040,18/11/2025 14:42:00,entrada
A004,18/11/2025 14:54:00,saida
A001,18/11/2025 14:59:00,entrada
A016,18/11/2025 15:11:00,entrada
A034,18/11/2025 15:45:00,entrada
A039,18/11/2025 15:48:00,saida
A030,18/11/2025 15:54:00,entrada
A001,18/11/2025 15:59:00,saida
A017,18/11/2025 16:08:00,entrada
A031,18/11/2025 16:20:00,entrada
A015,18/11/2025 16:23:00,entrada
A016,18/11/2025 16:38:00,saida
A040,18/11/2025 16:49:00,saida
A017,18/11/2025 16:55:00,saida
A034,18/11/2025 17:01:00,saida
A031,18/11/2025 17:18:00,saida
A020,18/11/2025 17:42:00,entrada
A015,18/11/2025 17:51:00,saida
A035,18/11/2025 17:53:00,entrada
A030,18/11/2025 17:56:00,saida
A022,18/11/2025 18:07:00,entrada
A026,18/11/2025 18:20:00,entrada
A020,18/11/2025 18:40:00,saida
A007,18/11/2025 18:48:00,entrada
A035,18/11/2025 18:59:00,saida
A026,18/11/2025 19:12:00,saida
A009,18/11/2025 19:53:00,entrada
A007,18/11/2025 20:08:00,saida
A022,18/11/2025 20:11:00,saida
A014,18/11/2025 20:39:00,entrada
A032,18/11/2025 20:45:00,entrada
A042,18/11/2025 20:49:00,entrada
A043,18/11/2025 20:56:00,entrada
A009,18/11/2025 21:34:00,saida
A032,18/11/2025 21:47:00,saida
A042,18/11/2025 22:29:00,saida
A014,18/11/2025 22:51:00,saida
A043,18/11/2025 23:05:00,saida
A045,19/11/2025 06:07:00,entrada
A023,19/11/2025 06:15:00,entrada
A023,19/11/2025 07:15:00,saida
A045,19/11/2025 07:38:00,saida
A044,19/11/2025 07:51:00,entrada
A043,19/11/2025 08:06:00,entrada
A002,19/11/2025 08:42:00,entrada
A043,19/11/2025 09:23:00,saida
A044,19/11/2025 09:40:00,saida
A008,19/11/2025 09:41:00,entrada
A016,19/11/2025 09:52:00,entrada
A012,19/11/2025 10:01:00,entrada
A002,19/11/2025 10:40:00,saida
A031,19/11/2025 11:16:00,entrada
A020,19/11/2025 11:29:00,entrada
A008,19/11/2025 11:35:00,saida
A034,19/11/2025 11:36:00,entrada
A012,19/11/2025 12:01:00,saida
A016,19/11/2025 12:06:00,saida
A033,19/11/2025 12:26:00,entrada
A038,19/11/2025 12:31:00,entrada
A034,19/11/2025 12:39:00,saida
A020,19/11/2025 13:06:00,saida
A033,19/11/2025 13:12:00,saida
A031,19/11/2025 13:20:00,saida
A038,19/11/2025 13:51:00,saida
A005,19/11/2025 15:18:00,entrada
A041,19/11/2025 15:40:00,entrada
A025,19/11/2025 15:45:00,entrada
A015,19/11/2025 16:01:00,entrada
A006,19/11/2025 16:24:00,entrada
A041,19/11/2025 16:37:00,saida
A010,19/11/2025 16:50:00,entrada
A015,19/11/2025 16:58:00,saida
A036,19/11/2025 16:58:00,entrada
A004,19/11/2025 17:12:00,entrada
A005,19/11/2025 17:13:00,saida
A025,19/11/2025 17:29:00,saida
A019,19/11/2025 17:35:00,entrada
A010,19/11/2025 17:36:00,saida
A046,19/11/2025 17:41:00,entrada
A036,19/11/2025 17:44:00,saida
A004,19/11/2025 18:05:00,saida
A006,19/11/2025 18:20:00,saida
A017,19/11/2025 18:27:00,entrada
A019,19/11/2025 18:29:00,saida
A046,19/11/2025 18:48:00,saida
A042,19/11/2025 19:04:00,entrada
A003,19/11/2025 19:36:00,entrada
A017,19/11/2025 19:38:00,saida
A049,19/11/2025 19:44:00,entrada
A042,19/11/2025 19:49:00,saida
A003,19/11/2025 20:49:00,saida
A035,19/11/2025 20:52:00,entrada
A049,19/11/2025 21:38:00,saida
A035,19/11/2025 22:07:00,saida
A042,20/11/2025 06:17:00,entrada
A004,20/11/2025 06:26:00,entrada
A031,20/11/2025 06:29:00,entrada
A048,20/11/2025 06:32:00,entrada
A042,20/11/2025 07:17:00,saida
A048,20/11/2025 07:30:00,saida
A004,20/11/2025 07:37:00,saida
A031,20/11/2025 07:51:00,saida
A005,20/11/2025 08:15:00,entrada
A002,20/11/2025 08:34:00,entrada
A032,20/11/2025 08:54:00,entrada
A009,20/11/2025 08:59:00,entrada
A005,20/11/2025 09:02:00,saida
A002,20/11/2025 09:58:00,saida
A024,20/11/2025 10:02:00,entrada
A038,20/11/2025 10:02:00,entrada
A009,20/11/2025 10:05:00,saida
A032,20/11/2025 10:53:00,saida
A025,20/11/2025 11:25:00,entrada
A024,20/11/2025 11:37:00,saida
A011,20/11/2025 11:43:00,entrada
A039,20/11/2025 11:43:00,entrada
A001,20/11/2025 11:49:00,entrada
A016,20/11/2025 11:53:00,entrada
A038,20/11/2025 12:14:00,saida
A003,20/11/2025 12:36:00,entrada
A011,20/11/2025 12:41:00,saida
A016,20/11/2025 12:50:00,saida
A039,20/11/2025 12:53:00,saida
A019,20/11/2025 13:15:00,entrada
A033,20/11/2025 13:26:00,entrada
A025,20/11/2025 13:32:00,saida
A001,20/11/2025 13:47:00,saida
A010,20/11/2025 14:23:00,entrada
A045,20/11/2025 14:23:00,entrada
A012,20/11/2025 14:32:00,entrada
A003,20/11/2025 14:33:00,saida
A019,20/11/2025 14:37:00,saida
A045,20/11/2025 15:25:00,saida
A033,20/11/2025 15:30:00,saida
A034,20/11/2025 15:31:00,entrada
A027,20/11/2025 15:42:00,entrada
A014,20/11/2025 15:50:00,entrada
A022,20/11/2025 15:59:00,entrada
A044,20/11/2025 16:03:00,entrada
A010,20/11/2025 16:16:00,saida
A012,20/11/2025 16:17:00,saida
A015,20/11/2025 16:20:00,entrada
A028,20/11/2025 16:42:00,entrada
A014,20/11/2025 17:01:00,saida
A015,20/11/2025 17:14:00,saida
A034,20/11/2025 17:26:00,saida
A044,20/11/2025 17:29:00,saida
A027,20/11/2025 17:54:00,saida
A006,20/11/2025 17:56:00,entrada
A028,20/11/2025 17:56:00,saida
A022,20/11/2025 17:59:00,saida
A041,20/11/2025 18:26:00,entrada
A043,20/11/2025 18:40:00,entrada
A041,20/11/2025 19:25:00,saida
A006,20/11/2025 19:29:00,saida
A018,20/11/2025 20:11:00,entrada
A043,20/11/2025 20:31:00,saida
A008,20/11/2025 20:39:00,entrada
A008,20/11/2025 22:04:00,saida
A018,20/11/2025 22:25:00,saida
A006,21/11/2025 06:07:00,entrada
A008,21/11/2025 06:11:00,entrada
A019,21/11/2025 06:46:00,entrada
A008,21/11/2025 07:21:00,saida
A019,21/11/2025 07:39:00,saida
A006,21/11/2025 08:10:00,saida
A001,21/11/2025 08:36:00,entrada
A003,21/11/2025 08:42:00,entrada
A035,21/11/2025 08:54:00,entrada
A001,21/11/2025 09:28:00,saida
A022,21/11/2025 09:35:00,entrada
A012,21/11/2025 09:59:00,entrada
A002,21/11/2025 10:10:00,entrada
A003,21/11/2025 10:31:00,saida
A046,21/11/2025 10:32:00,entrada
A035,21/11/2025 10:41:00,saida
A017,21/11/2025 11:03:00,entrada
A012,21/11/2025 11:08:00,saida
A022,21/11/2025 11:09:00,saida
A002,21/11/2025 11:20:00,saida
A033,21/11/2025 11:46:00,entrada
A046,21/11/2025 12:01:00,saida
A017,21/11/2025 12:19:00,saida
A010,21/11/2025 13:25:00,entrada
A033,21/11/2025 13:26:00,saida
A043,21/11/2025 13:49:00,entrada
A015,21/11/2025 14:21:00,entrada
A034,21/11/2025 14:39:00,entrada
A010,21/11/2025 14:50:00,saida
A043,21/11/2025 14:53:00,saida
A042,21/11/2025 14:58:00,entrada
A015,21/11/2025 15:39:00,saida
A034,21/11/2025 16:00:00,saida
A042,21/11/2025 16:03:00,saida
A023,21/11/2025 16:09:00,entrada
A032,21/11/2025 16:49:00,entrada
A039,21/11/2025 17:07:00,entrada
A020,21/11/2025 17:25:00,entrada
A032,21/11/2025 17:59:00,saida
A023,21/11/2025 18:13:00,saida
A020,21/11/2025 18:22:00,saida
A045,21/11/2025 18:24:00,entrada
A039,21/11/2025 19:16:00,saida
A045,21/11/2025 19:19:00,saida
A025,21/11/2025 19:55:00,entrada
A041,21/11/2025 20:28:00,entrada
A031,21/11/2025 20:36:00,entrada
A025,21/11/2025 21:13:00,saida
A041,21/11/2025 21:38:00,saida
A031,21/11/2025 21:42:00,saida
A001,22/11/2025 06:25:00,entrada
A013,22/11/2025 06:31:00,entrada
A010,22/11/2025 06:38:00,entrada
A025,22/11/2025 07:00:00,entrada
A002,22/11/2025 07:08:00,entrada
A017,22/11/2025 07:29:00,entrada
A010,22/11/2025 07:49:00,saida
A013,22/11/2025 08:10:00,saida
A001,22/11/2025 08:16:00,saida
A025,22/11/2025 08:34:00,saida
A017,22/11/2025 08:59:00,saida
A002,22/11/2025 09:01:00,saida
A016,22/11/2025 09:06:00,entrada
A033,22/11/2025 09:15:00,entrada
A043,22/11/2025 09:55:00,entrada
A042,22/11/2025 10:03:00,entrada
A041,22/11/2025 10:15:00,entrada
A030,22/11/2025 11:03:00,entrada
A016,22/11/2025 11:05:00,saida
A043,22/11/2025 11:10:00,saida
A033,22/11/2025 11:12:00,saida
A042,22/11/2025 11:21:00,saida
A009,22/11/2025 11:36:00,entrada
A023,22/11/2025 11:47:00,entrada
A018,22/11/2025 11:56:00,entrada
A045,22/11/2025 12:01:00,entrada
A041,22/11/2025 12:21:00,saida
A009,22/11/2025 12:35:00,saida
A006,22/11/2025 12:47:00,entrada
A030,22/11/2025 13:09:00,saida
A034,22/11/2025 13:15:00,entrada
A045,22/11/2025 13:43:00,saida
A023,22/11/2025 13:59:00,saida
A012,22/11/2025 14:01:00,entrada
A018,22/11/2025 14:01:00,saida
A034,22/11/2025 14:15:00,saida
A029,22/11/2025 14:32:00,entrada
A006,22/11/2025 14:42:00,saida
A012,22/11/2025 14:55:00,saida
A035,22/11/2025 15:22:00,entrada
A003,22/11/2025 15:35:00,entrada
A031,22/11/2025 16:13:00,entrada
A035,22/11/2025 16:18:00,saida
A029,22/11/2025 16:19:00,saida
A003,22/11/2025 16:25:00,saida
A028,22/11/2025 16:35:00,entrada
A019,22/11/2025 16:47:00,entrada
A015,22/11/2025 17:27:00,entrada
A019,22/11/2025 17:46:00,saida
A031,22/11/2025 18:21:00,saida
A028,22/11/2025 18:26:00,saida
A021,22/11/2025 18:41:00,entrada
A015,22/11/2025 18:58:00,saida
A021,22/11/2025 20:37:00,saida
A043,23/11/2025 06:18:00,entrada
A020,23/11/2025 06:24:00,entrada
A046,23/11/2025 06:43:00,entrada
A034,23/11/2025 06:53:00,entrada
A043,23/11/2025 07:18:00,saida
A020,23/11/2025 07:58:00,saida
A046,23/11/2025 08:40:00,saida
A034,23/11/2025 08:45:00,saida
A016,23/11/2025 10:00:00,entrada
A010,23/11/2025 10:26:00,entrada
A005,23/11/2025 10:37:00,entrada
A040,23/11/2025 10:48:00,entrada
A024,23/11/2025 10:55:00,entrada
A027,23/11/2025 11:39:00,entrada
A010,23/11/2025 11:40:00,saida
A024,23/11/2025 11:46:00,saida
A016,23/11/2025 11:57:00,saida
A005,23/11/2025 12:19:00,saida
A022,23/11/2025 12:22:00,entrada
A040,23/11/2025 12:42:00,saida
A012,23/11/2025 12:54:00,entrada
A033,23/11/2025 13:03:00,entrada
A027,23/11/2025 13:21:00,saida
A003,23/11/2025 13:31:00,entrada
A022,23/11/2025 13:45:00,saida
A019,23/11/2025 14:01:00,entrada
A012,23/11/2025 14:12:00,saida
A003,23/11/2025 14:28:00,saida
A042,23/11/2025 14:56:00,entrada
A019,23/11/2025 15:01:00,saida
A033,23/11/2025 15:05:00,saida
A050,23/11/2025 16:03:00,entrada
A006,23/11/2025 16:19:00,entrada
A045,23/11/2025 16:22:00,entrada
A042,23/11/2025 16:41:00,saida
A030,23/11/2025 16:48:00,entrada
A036,23/11/2025 17:09:00,entrada
A050,23/11/2025 17:19:00,saida
A002,23/11/2025 17:57:00,entrada
A030,23/11/2025 18:02:00,saida
A036,23/11/2025 18:10:00,saida
A006,23/11/2025 18:16:00,saida
A025,23/11/2025 18:19:00,entrada
A031,23/11/2025 18:31:00,entrada
A045,23/11/2025 18:32:00,saida
A002,23/11/2025 18:50:00,saida
A004,23/11/2025 18:53:00,entrada
A008,23/11/2025 19:10:00,entrada
A031,23/11/2025 19:25:00,saida
A017,23/11/2025 19:26:00,entrada
A004,23/11/2025 19:52:00,saida
A025,23/11/2025 20:01:00,saida
A017,23/11/2025 20:23:00,saida
A015,23/11/2025 20:25:00,entrada
A008,23/11/2025 20:31:00,saida
A049,23/11/2025 20:31:00,entrada
A015,23/11/2025 21:46:00,saida
A049,23/11/2025 22:34:00,saida
A034,24/11/2025 06:54:00,entrada
A027,24/11/2025 07:58:00,entrada
A034,24/11/2025 08:30:00,saida
A027,24/11/2025 08:44:00,saida
A036,24/11/2025 09:08:00,entrada
A012,24/11/2025 10:02:00,entrada
A036,24/11/2025 10:31:00,saida
A042,24/11/2025 10:54:00,entrada
A012,24/11/2025 10:59:00,saida
A016,24/11/2025 11:49:00,entrada
A033,24/11/2025 12:00:00,entrada
A008,24/11/2025 12:06:00,entrada
A042,24/11/2025 12:32:00,saida
A046,24/11/2025 12:39:00,entrada
A010,24/11/2025 12:44:00,entrada
A020,24/11/2025 12:45:00,entrada
A019,24/11/2025 12:55:00,entrada
A008,24/11/2025 13:25:00,saida
A046,24/11/2025 13:28:00,saida
A033,24/11/2025 13:36:00,saida
A010,24/11/2025 13:42:00,saida
A016,24/11/2025 13:48:00,saida
A019,24/11/2025 13:59:00,saida
A002,24/11/2025 14:23:00,entrada
A045,24/11/2025 14:37:00,entrada
A001,24/11/2025 14:40:00,entrada
A020,24/11/2025 14:53:00,saida
A006,24/11/2025 15:20:00,entrada
A001,24/11/2025 15:41:00,saida
A002,24/11/2025 15:44:00,saida
A045,24/11/2025 15:56:00,saida
A026,24/11/2025 16:27:00,entrada
A032,24/11/2025 16:29:00,entrada
A035,24/11/2025 16:56:00,entrada
A006,24/11/2025 17:04:00,saida
A015,24/11/2025 17:05:00,entrada
A032,24/11/2025 17:29:00,saida
A004,24/11/2025 17:38:00,entrada
A025,24/11/2025 17:43:00,entrada
A041,24/11/2025 17:58:00,entrada
A015,24/11/2025 18:00:00,saida
A026,24/11/2025 18:02:00,saida
A031,24/11/2025 18:02:00,entrada
A003,24/11/2025 18:16:00,entrada
A004,24/11/2025 18:44:00,saida
A035,24/11/2025 18:57:00,saida
A031,24/11/2025 19:06:00,saida
A041,24/11/2025 19:13:00,saida
A028,24/11/2025 19:37:00,entrada
A022,24/11/2025 19:39:00,entrada
A025,24/11/2025 19:50:00,saida
A003,24/11/2025 19:59:00,saida
A028,24/11/2025 21:16:00,saida
A022,24/11/2025 21:33:00,saida
A042,25/11/2025 06:24:00,entrada
A034,25/11/2025 06:31:00,entrada
A042,25/11/2025 07:19:00,saida
A034,25/11/2025 07:42:00,saida
A041,25/11/2025 08:52:00,entrada
A031,25/11/2025 09:14:00,entrada
A022,25/11/2025 09:31:00,entrada
A046,25/11/2025 10:12:00,entrada
A022,25/11/2025 10:24:00,saida
A031,25/11/2025 10:38:00,saida
A033,25/11/2025 10:40:00,entrada
A041,25/11/2025 10:40:00,saida
A030,25/11/2025 10:41:00,entrada
A019,25/11/2025 11:07:00,entrada
A033,25/11/2025 11:26:00,saida
A046,25/11/2025 11:31:00,saida
A030,25/11/2025 12:45:00,saida
A019,25/11/2025 13:04:00,saida
A027,25/11/2025 13:35:00,entrada
A036,25/11/2025 14:01:00,entrada
A012,25/11/2025 14:09:00,entrada
A027,25/11/2025 14:38:00,saida
A049,25/11/2025 14:43:00,entrada
A025,25/11/2025 15:58:00,entrada
A036,25/11/2025 16:07:00,saida
A043,25/11/2025 16:14:00,entrada
A020,25/11/2025 16:18:00,entrada
A012,25/11/2025 16:22:00,saida
A005,25/11/2025 16:28:00,entrada
A049,25/11/2025 16:30:00,saida
A047,25/11/2025 16:36:00,entrada
A004,25/11/2025 16:45:00,entrada
A045,25/11/2025 16:47:00,entrada
A017,25/11/2025 17:30:00,entrada
A020,25/11/2025 17:40:00,saida
A002,25/11/2025 17:49:00,entrada
A047,25/11/2025 17:53:00,saida
A004,25/11/2025 18:05:00,saida
A025,25/11/2025 18:11:00,saida
A043,25/11/2025 18:25:00,saida
A005,25/11/2025 18:26:00,saida
A016,25/11/2025 18:36:00,entrada
A045,25/11/2025 18:37:00,saida
A010,25/11/2025 19:00:00,entrada
A026,25/11/2025 19:02:00,entrada
A017,25/11/2025 19:09:00,saida
A015,25/11/2025 19:25:00,entrada
A002,25/11/2025 19:35:00,saida
A016,25/11/2025 19:48:00,saida
A026,25/11/2025 20:10:00,saida
A015,25/11/2025 20:13:00,saida
A003,25/11/2025 20:14:00,entrada
A028,25/11/2025 20:16:00,entrada
A039,25/11/2025 20:44:00,entrada
A010,25/11/2025 21:02:00,saida
A039,25/11/2025 21:29:00,saida
A028,25/11/2025 21:41:00,saida
A003,25/11/2025 22:24:00,saida
A033,26/11/2025 06:29:00,entrada
A047,26/11/2025 06:58:00,entrada
A033,26/11/2025 07:27:00,saida
A045,26/11/2025 07:27:00,entrada
A024,26/11/2025 07:28:00,entrada
A047,26/11/2025 07:48:00,saida
A019,26/11/2025 08:19:00,entrada
A024,26/11/2025 08:33:00,saida
A020,26/11/2025 09:24:00,entrada
A019,26/11/2025 09:35:00,saida
A045,26/11/2025 09:37:00,saida
A027,26/11/2025 10:52:00,entrada
A020,26/11/2025 11:27:00,saida
A032,26/11/2025 12:16:00,entrada
A027,26/11/2025 12:38:00,saida
A003,26/11/2025 12:58:00,entrada
A041,26/11/2025 13:03:00,entrada
A018,26/11/2025 13:46:00,entrada
A034,26/11/2025 13:49:00,entrada
A032,26/11/2025 14:00:00,saida
A015,26/11/2025 14:03:00,entrada
A041,26/11/2025 14:03:00,saida
A025,26/11/2025 14:18:00,entrada
A042,26/11/2025 14:23:00,entrada
A016,26/11/2025 14:28:00,entrada
A002,26/11/2025 14:43:00,entrada
A003,26/11/2025 14:59:00,saida
A015,26/11/2025 15:02:00,saida
A022,26/11/2025 15:09:00,entrada
A018,26/11/2025 15:31:00,saida
A042,26/11/2025 15:32:00,saida
A034,26/11/2025 15:54:00,saida
A028,26/11/2025 16:00:00,entrada
A016,26/11/2025 16:02:00,saida
A025,26/11/2025 16:22:00,saida
A014,26/11/2025 16:23:00,entrada
A004,26/11/2025 16:25:00,entrada
A043,26/11/2025 16:27:00,entrada
A002,26/11/2025 16:35:00,saida
A022,26/11/2025 16:38:00,saida
A012,26/11/2025 16:44:00,entrada
A014,26/11/2025 17:31:00,saida
A028,26/11/2025 17:36:00,saida
A004,26/11/2025 17:38:00,saida
A043,26/11/2025 18:25:00,saida
A012,26/11/2025 18:44:00,saida
A036,26/11/2025 18:53:00,entrada
A031,26/11/2025 19:48:00,entrada
A010,26/11/2025 19:55:00,entrada
A049,26/11/2025 20:00:00,entrada
A036,26/11/2025 20:25:00,saida
A008,26/11/2025 20:27:00,entrada
A010,26/11/2025 20:48:00,saida
A031,26/11/2025 21:31:00,saida
A049,26/11/2025 21:33:00,saida
A008,26/11/2025 21:52:00,saida
A036,27/11/2025 07:06:00,entrada
A008,27/11/2025 07:37:00,entrada
A036,27/11/2025 08:05:00,saida
A003,27/11/2025 08:49:00,entrada
A032,27/11/2025 08:51:00,entrada
A008,27/11/2025 09:34:00,saida
A032,27/11/2025 10:18:00,saida
A047,27/11/2025 10:49:00,entrada
A033,27/11/2025 10:57:00,entrada
A003,27/11/2025 10:58:00,saida
A029,27/11/2025 11:06:00,entrada
A026,27/11/2025 11:15:00,entrada
A028,27/11/2025 11:25:00,entrada
A042,27/11/2025 11:39:00,entrada
A029,27/11/2025 12:05:00,saida
A022,27/11/2025 12:11:00,entrada
A047,27/11/2025 12:40:00,saida
A026,27/11/2025 12:48:00,saida
A017,27/11/2025 13:06:00,entrada
A033,27/11/2025 13:11:00,saida
A042,27/11/2025 13:19:00,saida
A028,27/11/2025 13:21:00,saida
A010,27/11/2025 13:25:00,entrada
A031,27/11/2025 13:29:00,entrada
A022,27/11/2025 13:33:00,saida
A017,27/11/2025 13:55:00,saida
A045,27/11/2025 14:02:00,entrada
A010,27/11/2025 14:27:00,saida
A018,27/11/2025 14:35:00,entrada
A031,27/11/2025 15:09:00,saida
A016,27/11/2025 15:42:00,entrada
A004,27/11/2025 15:45:00,entrada
A045,27/11/2025 15:47:00,saida
A035,27/11/2025 16:20:00,entrada
A016,27/11/2025 16:32:00,saida
A018,27/11/2025 16:38:00,saida
A004,27/11/2025 17:02:00,saida
A034,27/11/2025 17:05:00,entrada
A025,27/11/2025 17:10:00,entrada
A027,27/11/2025 17:27:00,entrada
A020,27/11/2025 17:41:00,entrada
A043,27/11/2025 17:44:00,entrada
A034,27/11/2025 17:54:00,saida
A025,27/11/2025 18:19:00,saida
A035,27/11/2025 18:33:00,saida
A020,27/11/2025 18:43:00,saida
A043,27/11/2025 18:45:00,saida
A002,27/11/2025 19:32:00,entrada
A044,27/11/2025 19:34:00,entrada
A027,27/11/2025 19:38:00,saida
A015,27/11/2025 19:57:00,entrada
A019,27/11/2025 20:16:00,entrada
A002,27/11/2025 20:20:00,saida
A044,27/11/2025 21:17:00,saida
A019,27/11/2025 21:38:00,saida
A015,27/11/2025 22:08:00,saida
A005,28/11/2025 07:40:00,entrada
A024,28/11/2025 08:33:00,entrada
A002,28/11/2025 08:46:00,entrada
A004,28/11/2025 09:16:00,entrada
A005,28/11/2025 09:32:00,saida
A002,28/11/2025 10:09:00,saida
A024,28/11/2025 10:26:00,saida
A031,28/11/2025 10:32:00,entrada
A004,28/11/2025 11:08:00,saida
A042,28/11/2025 11:08:00,entrada
A033,28/11/2025 11:55:00,entrada
A031,28/11/2025 12:00:00,saida
A011,28/11/2025 12:11:00,entrada
A039,28/11/2025 12:24:00,entrada
A033,28/11/2025 12:55:00,saida
A012,28/11/2025 12:57:00,entrada
A028,28/11/2025 13:05:00,entrada
A042,28/11/2025 13:12:00,saida
A039,28/11/2025 13:22:00,saida
A014,28/11/2025 13:30:00,entrada
A016,28/11/2025 13:53:00,entrada
A012,28/11/2025 13:55:00,saida
A015,28/11/2025 13:55:00,entrada
A011,28/11/2025 13:57:00,saida
A045,28/11/2025 14:10:00,entrada
A014,28/11/2025 14:30:00,saida
A028,28/11/2025 14:36:00,saida
A016,28/11/2025 14:50:00,saida
A015,28/11/2025 14:52:00,saida
A019,28/11/2025 15:38:00,entrada
A003,28/11/2025 15:53:00,entrada
A045,28/11/2025 16:10:00,saida
A020,28/11/2025 17:04:00,entrada
A022,28/11/2025 17:36:00,entrada
A003,28/11/2025 17:37:00,saida
A017,28/11/2025 17:39:00,entrada
A019,28/11/2025 17:39:00,saida
A017,28/11/2025 18:24:00,saida
A020,28/11/2025 18:51:00,saida
A022,28/11/2025 19:17:00,saida
A043,28/11/2025 19:21:00,entrada
A018,28/11/2025 19:32:00,entrada
A037,28/11/2025 19:54:00,entrada
A025,28/11/2025 20:01:00,entrada
A008,28/11/2025 20:06:00,entrada
A034,28/11/2025 20:40:00,entrada
A006,28/11/2025 20:43:00,entrada
A043,28/11/2025 21:03:00,saida
A025,28/11/2025 21:15:00,saida
A037,28/11/2025 21:22:00,saida
A018,28/11/2025 21:43:00,saida
A006,28/11/2025 21:45:00,saida
A008,28/11/2025 21:54:00,saida
A034,28/11/2025 22:48:00,saida
A042,29/11/2025 06:35:00,entrada
A044,29/11/2025 07:26:00,entrada
A031,29/11/2025 07:32:00,entrada
A025,29/11/2025 08:02:00,entrada
A016,29/11/2025 08:17:00,entrada
A044,29/11/2025 08:23:00,saida
A042,29/11/2025 08:50:00,saida
A016,29/11/2025 09:23:00,saida
A031,29/11/2025 09:34:00,saida
A025,29/11/2025 09:57:00,saida
A006,29/11/2025 10:12:00,entrada
A011,29/11/2025 10:39:00,entrada
A049,29/11/2025 11:03:00,entrada
A004,29/11/2025 11:47:00,entrada
A006,29/11/2025 11:58:00,saida
A011,29/11/2025 12:01:00,saida
A022,29/11/2025 12:40:00,entrada
A049,29/11/2025 12:42:00,saida
A030,29/11/2025 13:13:00,entrada
A002,29/11/2025 13:20:00,entrada
A004,29/11/2025 13:28:00,saida
A005,29/11/2025 13:46:00,entrada
A046,29/11/2025 13:47:00,entrada
A022,29/11/2025 14:03:00,saida
A002,29/11/2025 14:18:00,saida
A032,29/11/2025 14:38:00,entrada
A035,29/11/2025 14:47:00,entrada
A030,29/11/2025 15:13:00,saida
A046,29/11/2025 15:21:00,saida
A005,29/11/2025 15:32:00,saida
A048,29/11/2025 15:39:00,entrada
A032,29/11/2025 16:05:00,saida
A028,29/11/2025 16:20:00,entrada
A034,29/11/2025 16:20:00,entrada
A035,29/11/2025 16:40:00,saida
A048,29/11/2025 17:04:00,saida
A010,29/11/2025 17:35:00,entrada
A012,29/11/2025 17:47:00,entrada
A034,29/11/2025 17:51:00,saida
A028,29/11/2025 18:09:00,saida
A043,29/11/2025 18:14:00,entrada
A019,29/11/2025 18:58:00,entrada
A012,29/11/2025 19:14:00,saida
A010,29/11/2025 19:22:00,saida
A009,29/11/2025 19:25:00,entrada
A003,29/11/2025 20:24:00,entrada
A043,29/11/2025 20:24:00,saida
A015,29/11/2025 20:25:00,entrada
A019,29/11/2025 20:27:00,saida
A033,29/11/2025 20:55:00,entrada
A023,29/11/2025 20:57:00,entrada
A009,29/11/2025 21:18:00,saida
A003,29/11/2025 21:42:00,saida
A015,29/11/2025 22:08:00,saida
A033,29/11/2025 22:23:00,saida
A023,29/11/2025 22:41:00,saida
A046,30/11/2025 06:47:00,entrada
A020,30/11/2025 06:50:00,entrada
A036,30/11/2025 06:52:00,entrada
A039,30/11/2025 07:16:00,entrada
A046,30/11/2025 07:54:00,saida
A012,30/11/2025 08:12:00,entrada
A034,30/11/2025 08:24:00,entrada
A020,30/11/2025 08:35:00,saida
A039,30/11/2025 08:45:00,saida
A036,30/11/2025 08:47:00,saida
A019,30/11/2025 08:54:00,entrada
A012,30/11/2025 09:06:00,saida
A019,30/11/2025 09:51:00,saida
A023,30/11/2025 10:15:00,entrada
A033,30/11/2025 10:25:00,entrada
A002,30/11/2025 10:34:00,entrada
A034,30/11/2025 10:38:00,saida
A004,30/11/2025 11:12:00,entrada
A033,30/11/2025 11:12:00,saida
A023,30/11/2025 11:45:00,saida
A015,30/11/2025 11:47:00,entrada
A002,30/11/2025 11:54:00,saida
A041,30/11/2025 12:14:00,entrada
A003,30/11/2025 13:00:00,entrada
A004,30/11/2025 13:06:00,saida
A031,30/11/2025 13:25:00,entrada
A022,30/11/2025 13:26:00,entrada
A015,30/11/2025 13:33:00,saida
A041,30/11/2025 13:53:00,saida
A016,30/11/2025 13:55:00,entrada
A003,30/11/2025 14:29:00,saida
A047,30/11/2025 14:40:00,entrada
A044,30/11/2025 14:49:00,entrada
A022,30/11/2025 14:57:00,saida
A031,30/11/2025 15:06:00,saida
A043,30/11/2025 15:07:00,entrada
A030,30/11/2025 15:25:00,entrada
A016,30/11/2025 15:35:00,saida
A044,30/11/2025 15:54:00,saida
A043,30/11/2025 16:45:00,saida
A047,30/11/2025 16:55:00,saida
A030,30/11/2025 16:59:00,saida
A005,30/11/2025 17:41:00,entrada
A005,30/11/2025 18:29:00,saida
A025,30/11/2025 18:40:00,entrada
A045,30/11/2025 18:51:00,entrada
A006,30/11/2025 18:58:00,entrada
A025,30/11/2025 19:39:00,saida
A006,30/11/2025 20:16:00,saida
A042,30/11/2025 20:26:00,entrada
A045,30/11/2025 20:26:00,saida
A010,30/11/2025 20:54:00,entrada
A042,30/11/2025 22:34:00,saida
A010,30/11/2025 22:42:00,saida
A001,06/12/2025 03:28:34,entrada
A001,06/12/2025 03:28:46,saida
A001,06/12/2025 03:39:01,entrada
A001,06/12/2025 03:39:08,saida
A001,06/12/2025 03:47:30,entrada
A001,06/12/2025 03:47:53,saida
A001,06/12/2025 03:53:00,entrada
A001,06/12/2025 03:53:14,saida
A001,06/12/2025 03:56:29,entrada
A001,06/12/2025 04:07:55,saida
A001,06/12/2025 04:10:05,entrada
A001,06/12/2025 04:10:09,saida
A002,06/12/2025 04:10:28,entrada
A002,06/12/2025 04:10:39,saida
A001,06/12/2025 04:12:47,entrada
A001,06/12/2025 04:12:49,saida
A001,06/12/2025 18:51:34,entrada
A001,06/12/2025 18:51:41,saida
A001,06/12/2025 19:35:02,entrada
A001,06/12/2025 19:35:04,saida
A052,06/12/2025 21:11:13,entrada
A052,06/12/2025 21:11:32,saida
